url,title,isbn,authors,publisher,prices
https://www.bookfinder.com/search/?author=&title=&lang=en&new_used=%2A&destination=pk&currency=PKR&mode=basic&st=sr&ac=qr&submitBtn=Search&isbn=9781292149394%0A,Speakout Starter 2nd Edition Flexi Coursebook 1 Pack,9781292149394  ,Frances Eales| Steve Oakes,"Pearson Longman, 2016",Rs.5437.85 (Pak);Rs.5471.18 (Pak);Rs.5562.70 (Pak);Rs.5777.68 (Pak);Rs.6013.48 (Pak);Rs.6227.65 (Pak);Rs.6672.28 (Pak);Rs.6682.82 (Pak);Rs.6882.55 (Pak);Rs.7567.90 (Pak);Rs.8175.34 (Pak);Rs.9024.26 (Pak);Rs.9970.75 (Pak);Rs.24419.12 (Pak)
https://www.bookfinder.com/search/?author=&title=&lang=en&new_used=%2A&destination=pk&currency=PKR&mode=basic&st=sr&ac=qr&submitBtn=Search&isbn=9781292149400%0A,Speakout Starter 2nd Edition Flexi Coursebook 2 Pack,9781292149400  ,Frances Eales| Steve Oakes,"Pearson Longman, 2016",Rs.5437.85 (Pak);Rs.5562.70 (Pak);Rs.5777.68 (Pak);Rs.6038.89 (Pak);Rs.6327.75 (Pak);Rs.6672.28 (Pak);Rs.6682.82 (Pak);Rs.6882.55 (Pak);Rs.7900.92 (Pak);Rs.9024.26 (Pak);Rs.9970.75 (Pak);Rs.24081.02 (Pak)
https://www.bookfinder.com/search/?author=&title=&lang=en&new_used=%2A&destination=pk&currency=PKR&mode=basic&st=sr&ac=qr&submitBtn=Search&isbn=9781292160955%0A,Speakout Elementary 2nd Edition Flexi Students' Book 2 with MyEnglishLab Pack,9781292160955  ,Frances Eales| Steve Oakes,"Pearson Longman, 2016",Rs.5562.70 (Pak);Rs.5667.09 (Pak);Rs.5777.20 (Pak);Rs.6315.74 (Pak);Rs.6898.32 (Pak);Rs.7399.96 (Pak);Rs.8045.27 (Pak);Rs.8998.76 (Pak);Rs.9976.66 (Pak);Rs.10221.14 (Pak);Rs.21716.70 (Pak)
https://www.bookfinder.com/search/?author=&title=&lang=en&new_used=%2A&destination=pk&currency=PKR&mode=basic&st=sr&ac=qr&submitBtn=Search&isbn=9781292149318%0A,Speakout Intermediate 2nd Edition Flexi Coursebook 1 Pack,9781292149318  ,Antonia Clare| J. J. Wilson,"Pearson Longman, 2016",Rs.4004.00 (Pak);Rs.4263.93 (Pak);Rs.4562.18 (Pak);Rs.4576.00 (Pak);Rs.4647.15 (Pak);Rs.4888.05 (Pak);Rs.5146.57 (Pak);Rs.5329.69 (Pak);Rs.5348.20 (Pak);Rs.5988.58 (Pak);Rs.6038.89 (Pak);Rs.6360.28 (Pak);Rs.6377.34 (Pak);Rs.6470.11 (Pak);Rs.6625.29 (Pak);Rs.7168.59 (Pak);Rs.7767.99 (Pak);Rs.7875.19 (Pak);Rs.8153.90 (Pak);Rs.8998.76 (Pak);Rs.10660.63 (Pak);Rs.10044.89 (Pak)
https://www.bookfinder.com/search/?author=&title=&lang=en&new_used=%2A&destination=pk&currency=PKR&mode=basic&st=sr&ac=qr&submitBtn=Search&isbn=9781292160948%0A,Speakout Elementary 2nd Edition Flexi Students' Book 1 with MyEnglishLab Pack,9781292160948  ,Frances Eales| Steve Oakes,"Pearson Longman, 2016",Rs.5260.97 (Pak);Rs.5509.79 (Pak);Rs.5562.70 (Pak);Rs.6315.74 (Pak);Rs.6904.04 (Pak);Rs.7047.47 (Pak);Rs.7399.96 (Pak);Rs.7955.23 (Pak);Rs.9606.86 (Pak);Rs.9976.66 (Pak);Rs.4256.32 (Pak);Rs.4332.07 (Pak);Rs.10221.14 (Pak);Rs.10221.14 (Pak);Rs.15940.07 (Pak);Rs.23649.98 (Pak);Rs.23649.98 (Pak)
https://www.bookfinder.com/search/?author=&title=&lang=en&new_used=%2A&destination=pk&currency=PKR&mode=basic&st=sr&ac=qr&submitBtn=Search&isbn=9781292161013%0A,Speakout Starter 2nd Edition Flexi Students' Book 2 with MyEnglishLab Pack,9781292161013  ,Frances Eales| Steve Oakes,"Pearson Longman, 2016",Rs.4526.75 (Pak);Rs.4769.42 (Pak);Rs.4825.01 (Pak);Rs.5003.57 (Pak);Rs.5329.69 (Pak);Rs.5720.00 (Pak);Rs.6132.93 (Pak);Rs.6149.00 (Pak);Rs.6314.12 (Pak);Rs.6544.56 (Pak);Rs.6580.50 (Pak);Rs.6580.50 (Pak);Rs.6858.28 (Pak);Rs.7047.47 (Pak);Rs.7767.99 (Pak);Rs.7875.19 (Pak);Rs.10221.14 (Pak);Rs.18259.24 (Pak);Rs.26479.67 (Pak);Rs.26479.67 (Pak)
https://www.bookfinder.com/search/?author=&title=&lang=en&new_used=%2A&destination=pk&currency=PKR&mode=basic&st=sr&ac=qr&submitBtn=Search&isbn=9781292149295%0A,Speakout Elementary 2nd Edtion Flexi Coursebook 1 Pack,9781292149295  ,Frances Eales| Steve Oakes,"Pearson Longman, 2016",Rs.4647.15 (Pak);Rs.4888.05 (Pak);Rs.4949.52 (Pak);Rs.5150.86 (Pak);Rs.5348.20 (Pak);Rs.6011.45 (Pak);Rs.6230.51 (Pak);Rs.6401.63 (Pak);Rs.6625.29 (Pak);Rs.6682.82 (Pak);Rs.7168.59 (Pak);Rs.7786.57 (Pak);Rs.7874.82 (Pak);Rs.7893.77 (Pak);Rs.7900.92 (Pak);Rs.9606.86 (Pak);Rs.10660.63 (Pak);Rs.3494.52 (Pak);Rs.4017.79 (Pak);Rs.9970.75 (Pak);Rs.9970.75 (Pak);Rs.16570.91 (Pak);Rs.24419.40 (Pak);Rs.24419.40 (Pak)
https://www.bookfinder.com/search/?author=&title=&lang=en&new_used=%2A&destination=pk&currency=PKR&mode=basic&st=sr&ac=qr&submitBtn=Search&isbn=9781292161006%0A,Speakout Starter 2nd Edition Flexi Students' Book 1 with MyEnglishLab Pack,9781292161006  ,Frances Eales| Steve Oakes,"Pearson Longman, 2016",Rs.4526.75 (Pak);Rs.4567.90 (Pak);Rs.4761.95 (Pak);Rs.4769.42 (Pak);Rs.5386.86 (Pak);Rs.5777.20 (Pak);Rs.5795.79 (Pak);Rs.6314.12 (Pak);Rs.6898.32 (Pak);Rs.7047.47 (Pak);Rs.7767.99 (Pak);Rs.7862.33 (Pak);Rs.7875.19 (Pak);Rs.8390.88 (Pak);Rs.8390.88 (Pak);Rs.10221.14 (Pak);Rs.19947.57 (Pak);Rs.25432.23 (Pak);Rs.28539.94 (Pak);Rs.28539.94 (Pak)
https://www.bookfinder.com/search/?author=&title=&lang=en&new_used=%2A&destination=pk&currency=PKR&mode=basic&st=sr&ac=qr&submitBtn=Search&isbn=9781292160979%0A,Speakout Intermediate 2nd Edition Flexi Students' Book 2 with MyEnglishLab Pack,9781292160979  ,J. J. Wilson| Antonia Clare,"Pearson Longman, 2016",Rs.4233.20 (Pak);Rs.4322.14 (Pak);Rs.4647.15 (Pak);Rs.4699.93 (Pak);Rs.4888.05 (Pak);Rs.5329.69 (Pak);Rs.5562.70 (Pak);Rs.5777.20 (Pak);Rs.6002.87 (Pak);Rs.6038.89 (Pak);Rs.6393.06 (Pak);Rs.6684.89 (Pak);Rs.6684.89 (Pak);Rs.6852.56 (Pak);Rs.7047.47 (Pak);Rs.7767.99 (Pak);Rs.7875.19 (Pak);Rs.8998.76 (Pak);Rs.9994.45 (Pak);Rs.10221.14 (Pak);Rs.11028.12 (Pak);Rs.11231.08 (Pak);Rs.16234.22 (Pak);Rs.24009.77 (Pak);Rs.24009.77 (Pak)
https://www.bookfinder.com/search/?author=&title=&lang=en&new_used=%2A&destination=pk&currency=PKR&mode=basic&st=sr&ac=qr&submitBtn=Search&isbn=9781292149301%0A,Speakout Elementary 2nd Edtion Flexi Coursebook 2 Pack,9781292149301  ,Frances Eales| Steve Oakes,"Pearson Longman, 2016",Rs.5348.20 (Pak);Rs.5437.85 (Pak);Rs.5562.70 (Pak);Rs.6013.48 (Pak);Rs.6038.89 (Pak);Rs.6625.29 (Pak);Rs.6682.82 (Pak);Rs.7168.59 (Pak);Rs.7513.41 (Pak);Rs.7639.36 (Pak);Rs.7818.10 (Pak);Rs.8175.34 (Pak);Rs.8390.65 (Pak);Rs.10555.53 (Pak);Rs.2490625.61 (Pak);Rs.9970.75 (Pak)
https://www.bookfinder.com/search/?author=&title=&lang=en&new_used=%2A&destination=pk&currency=PKR&mode=basic&st=sr&ac=qr&submitBtn=Search&isbn=9781292160962%0A,Speakout Intermediate 2nd Edition Flexi Students' Book 1 with MyEnglishLab Pack,9781292160962  ,Antonia Clare| J. J. Wilson,"Pearson Longman, 2016",Rs.3890.41 (Pak);Rs.4408.78 (Pak);Rs.4567.90 (Pak);Rs.4639.36 (Pak);Rs.4703.74 (Pak);Rs.4860.57 (Pak);Rs.5329.69 (Pak);Rs.5749.03 (Pak);Rs.5777.20 (Pak);Rs.6038.89 (Pak);Rs.6114.35 (Pak);Rs.6476.11 (Pak);Rs.6476.11 (Pak);Rs.6523.12 (Pak);Rs.6625.29 (Pak);Rs.7025.70 (Pak);Rs.7047.47 (Pak);Rs.7168.59 (Pak);Rs.7775.14 (Pak);Rs.7882.34 (Pak);Rs.7923.79 (Pak);Rs.8181.05 (Pak);Rs.8998.76 (Pak);Rs.10012.50 (Pak)
https://www.bookfinder.com/search/?author=&title=&lang=en&new_used=%2A&destination=pk&currency=PKR&mode=basic&st=sr&ac=qr&submitBtn=Search&isbn=9781292149325%0A,Speakout Intermediate 2nd Edition Flexi Coursebook 2 Pack,9781292149325  ,Antonia Clare| J. J. Wilson,"Pearson Longman, 2016",Rs.4004.00 (Pak);Rs.4263.93 (Pak);Rs.4285.94 (Pak);Rs.4576.00 (Pak);Rs.4888.05 (Pak);Rs.5003.57 (Pak);Rs.5261.33 (Pak);Rs.5329.69 (Pak);Rs.5348.20 (Pak);Rs.5779.30 (Pak);Rs.5965.71 (Pak);Rs.6038.89 (Pak);Rs.6124.90 (Pak);Rs.6324.89 (Pak);Rs.6350.18 (Pak);Rs.6673.09 (Pak);Rs.6684.89 (Pak);Rs.6684.89 (Pak);Rs.7767.99 (Pak);Rs.7875.19 (Pak);Rs.8998.76 (Pak);Rs.9130.98 (Pak);Rs.10044.89 (Pak);Rs.22244.54 (Pak)
